ID,Name,Latitude,Longitude,Elevation_m,State,Element,First_Year,Last_Year
USC00422721,FARMINGTON,40.9833,-111.9,1302.1,UT,PRCP,1893,1965
USC00423809,HEBER,40.4917,-111.4261,1703.8,UT,PRCP,1893,2013
USC00425186,LOGAN UTAH ST UNIV,41.7456,-111.8033,1460,UT,PRCP,1893,2026
USC00426400,OGDEN 2,41.2,-111.95,1360,UT,PRCP,1893,1940
USW00024120,COALVILLE,40.9139,-111.3983,1691.6,UT,PRCP,1894,2012
USC00421750,COTTONWOOD NURSERY,40.65,-111.6333,2255.5,UT,PRCP,1894,1920
USC00421731,CORINNE,41.5481,-112.1106,1289.3,UT,PRCP,1896,2006
USC00424575,KELTON,41.75,-113.1167,1287.8,UT,PRCP,1896,1929
USC00426648,PARK CITY G.C.,40.66,-111.5156,2100.1,UT,PRCP,1896,1991
USC00427050,PROMONTORY (1),41.6167,-112.5667,1495.7,UT,PRCP,1896,1913
USC00428771,TOOELE,40.5353,-112.3217,1506.9,UT,PRCP,1896,2026
USC00421850,CROYDEN,41.6833,-111.5167,1598.7,UT,PRCP,1897,1899
USC00420061,ALPINE,40.4644,-111.7708,1554.5,UT,PRCP,1899,2026
USC00420924,BRIGHAM CITY,41.4833,-112.0333,1324.1,UT,PRCP,1899,1974
USC00424123,HUNTSVILLE,41.2667,-111.7833,1554.5,UT,PRCP,1899,1932
USC00425488,MARYSVALE CRYSTAL MINE,40.35,-112.3,2743.2,UT,PRCP,1899,1900
USC00425705,MILLVILLE,41.6833,-111.85,1402.1,UT,PRCP,1899,1924
USC00423842,HENEFER,41.0167,-111.5,1615.4,UT,PRCP,1900,1920
USC00426404,OGDEN PIONEER PH,41.2439,-111.9467,1325.9,UT,PRCP,1902,2010
USC00425826,MORGAN,41.0367,-111.6711,1546.9,UT,PRCP,1903,2026
USC00427576,SALTAIR,40.7833,-112.1667,1284.1,UT,PRCP,1903,1942
USC00420737,BLACKSMITH FORK,41.6333,-111.6833,1569.4,UT,PRCP,1904,1944
USC00428973,UTAH LAKE LEHI,40.3603,-111.8972,1373.1,UT,PRCP,1904,2026
USC00420072,ALTA,40.5906,-111.6369,2654.8,UT,PRCP,1905,2026
USC00423348,GRANTSVILLE 2W,40.6019,-112.5075,1386.8,UT,PRCP,1906,2026
USC00423122,GARLAND 1 NE,41.756100000000004,-112.1517,1322.8,UT,PRCP,1909,1979
USC00424225,INTERNATIONAL,40.55,-112.2333,1645.9,UT,PRCP,1910,1929
USC00424233,IOSEPA SOUTH RCH,40.5,-112.75,1327.1,UT,PRCP,1910,1958
USC00423335,GRANGER,40.7,-111.9667,1298.4,UT,PRCP,1911,1913
USC00424050,HOOPER,41.1667,-112.1167,1352.1,UT,PRCP,1911,1913
USC00425215,LOW,40.7833,-113.1167,1402.7,UT,PRCP,1911,1919
USC00425607,MIDLAKE,41.2167,-112.6333,1286.9,UT,PRCP,1911,1981
USC00425610,MIDVALE,40.6,-111.9167,1324.1,UT,PRCP,1911,1971
USC00426658,PARK VALLEY,41.8,-113.35,1658.1,UT,PRCP,1911,1990
USC00427255,REVERE,40.5833,-112.0833,1544.1,UT,PRCP,1911,1916
USC00427525,ST. JOHN,40.3667,-112.4167,1528.9,UT,PRCP,1911,1929
USC00420820,BOUNTIFUL-VAL VERDA,40.8547,-111.8903,1383.8,UT,PRCP,1913,2014
USC00424105,HOWELL,41.7667,-112.4667,1365.5,UT,PRCP,1913,1917
USC00425229,LOWER MILL CREEK,40.7,-111.7833,1513,UT,PRCP,1913,1953
USC00427909,SNAKE CREEK POWERHOUSE,40.5453,-111.5042,1831.8,UT,PRCP,1913,2008
USC00428817,TREMONTON,41.7108,-112.1636,1313.7,UT,PRCP,1913,2010
USC00428922,UNIV OF UTAH,40.7667,-111.8333,1463,UT,PRCP,1913,1990
USC00421285,CEDAR FORT,40.4,-112.0833,1676.4,UT,PRCP,1914,1918
USC00425034,LEHI,40.3833,-111.85,1386.8,UT,PRCP,1914,1923
USC00425219,LOWER AMERI FORK PWHS,40.4333,-111.75,1537.1,UT,PRCP,1914,1957
USC00427318,RIVERDALE,41.15,-112,1341.1,UT,PRCP,1914,1991
USC00423929,HIGH LINE CITY CREEK,40.8167,-111.8333,1610,UT,PRCP,1915,1956
USC00424217,INDIAN FARM,40.4,-112.7167,1341.1,UT,PRCP,1915,1918
USC00427846,SILVER LAKE BRIGHTON,40.6011,-111.5839,2664,UT,PRCP,1915,2026
USC00426845,PINECREST INN,40.8167,-111.7333,2067.2,UT,PRCP,1916,1943
USC00427438,ROZELL,41.55,-112.6667,1398.1,UT,PRCP,1916,1919
USC00428070,S FK RS,40.45,-111.6667,1866.9,UT,PRCP,1916,1928
USC00421759,COTTONWOOD WEIR,40.6189,-111.7836,1519.7,UT,PRCP,1917,2026
USC00422073,DELLE,40.7667,-112.8,1302.1,UT,PRCP,1919,1952
USC00427735,SELLS,40.4,-112.75,1341.1,UT,PRCP,1919,1920
USC00425892,MTN DELL DAM,40.7486,-111.7233,1652,UT,PRCP,1920,2026
USC00423097,GARFIELD,40.7242,-112.1975,1310,UT,PRCP,1924,2014
USC00424828,LAKEPOINT,40.6833,-112.2667,1226.8,UT,PRCP,1924,1929
USC00425183,LOGAN SUGAR FACTORY,41.7,-111.8667,1366.1,UT,PRCP,1924,1941
USC00425963,MURRAY,40.65,-111.9,1313.7,UT,PRCP,1924,1929
USC00426414,OGDEN SUGAR FACTORY,41.2319,-112.0283,1304.5,UT,PRCP,1924,2009
USC00426551,ORRS RCH,40.3,-112.75,1360,UT,PRCP,1925,1949
USW00024175,SALT LAKE CITY,40.7667,-111.8833,1311.9,UT,PRCP,1928,1954
USC00427185,RED BUTTE 1,40.7667,-111.8333,1498.1,UT,PRCP,1931,1933
USC00426869,PINEVIEW DAM,41.2578,-111.8378,1505.7,UT,PRCP,1935,2026
USC00420506,BEAR RIVER REFUGE,41.4667,-112.2667,1284.1,UT,PRCP,1937,1984
USC00422057,DEER CREEK DAM,40.4044,-111.5289,1606.3,UT,PRCP,1939,2026
USC00420699,BINGHAM CANYON,40.5333,-112.15,1861.1,UT,PRCP,1940,1974
USC00422385,ECHO DAM,40.9656,-111.4336,1667.3,UT,PRCP,1940,2026
USC00428631,TERMINAL,40.75,-112,1289.9,UT,PRCP,1940,1972
USC00428885,UINTAH,41.15,-111.9167,1473.1,UT,PRCP,1940,1960
USC00420478,BAUER,40.4667,-112.3667,1513,UT,PRCP,1941,1959
USC00429302,WASHINGTON GROVE,40.75,-111.7167,1692.9,UT,PRCP,1941,1942
USC00423353,GRANTSVILLE POWERHOUSE,40.5167,-112.5167,1495,UT,PRCP,1942,1956
USC00424542,KEARNS,40.6667,-112,1360,UT,PRCP,1943,1946
USC00420841,BOTHWELL,41.7167,-112.25,1321,UT,PRCP,1946,1959
USW00024101,OGDEN HILL AFB,41.1167,-111.9667,1459.1,UT,PRCP,1946,1970
USC00426919,PLEASANT GROVE,40.3678,-111.7344,1429.5,UT,PRCP,1946,2026
USC00428733,TIMPANOGOS CAVE,40.4422,-111.7133,1679.4,UT,PRCP,1946,2020
USW00024122,FAIRFIELD CAA AP,40.35,-112.05,1513.9,UT,PRCP,1948,1950
USC00422726,FARMINGTON 3 NW,41.0203,-111.9328,1335,UT,PRCP,1948,2016
USC00424746,KNOLLS,40.7167,-113.2833,1293,UT,PRCP,1948,1951
USW00024126,OGDEN HINKLEY AP,41.1942,-112.0169,1356.1,UT,PRCP,1948,2026
USW00024127,SALT LAKE CITY INTL AP,40.7706,-111.965,1288.4,UT,PRCP,1948,2026
USC00425958,MURDOCK POWERHOUSE,40.6,-111.4,1820.9,UT,PRCP,1949,1958
USC00427744,SEVERE RCH,40.3333,-112.7333,1342,UT,PRCP,1949,1951
USC00420302,A S R RSCH LAB,40.7,-111.9167,1296,UT,PRCP,1950,1966
USC00425190,LOGAN USU EXP STN,41.7667,-111.8167,1406,UT,PRCP,1950,1978
USC00424846,LAKESIDE,41.2333,-112.8667,1286.9,UT,PRCP,1951,1968
USC00425330,MAGNA ASARCO FARM,40.7,-112.1,1314.9,UT,PRCP,1951,1957
USC00420194,ANTELOPE ISLAND,40.9333,-112.1667,1289.9,UT,PRCP,1952,1972
USC00421695,COON PEAK KSL TV,40.6667,-112.2,2806,UT,PRCP,1952,1953
USC00422294,EAST CANYON,40.85,-111.5833,1780.9,UT,PRCP,1952,1971
USC00421446,CITY CREEK WTP,40.815,-111.8322,1627.6,UT,PRCP,1955,2026
USC00429165,WANSHIP DAM,40.7908,-111.4078,1810.5,UT,PRCP,1955,2026
USC00423671,HARDWARE RCH,41.6,-111.5667,1694.7,UT,PRCP,1956,1991
USC00425182,LOGAN RADIO KVNU,41.735,-111.8564,1364,UT,PRCP,1956,2026
USC00427578,SALTAIR SALT PLT,40.7667,-112.1167,1283.2,UT,PRCP,1956,1991
USC00428939,UPPER AMERICAN FORK PH,40.4378,-111.7236,1624.6,UT,PRCP,1957,1986
USC00423183,GENEVA STEEL 2,40.3,-111.7333,1388.1,UT,PRCP,1960,1982
USC00429560,WILLIAMS RCH,40.3333,-112.7167,1412.1,UT,PRCP,1960,1968
USC00428668,THIOKOL PROPULSION F S,41.7197,-112.4264,1402.1,UT,PRCP,1962,2009
USC00429346,WEBER BASIN PUMP PLT 3,41.1092,-111.9125,1493.5,UT,PRCP,1962,2026
USC00421685,CONRAD RCH,40.3333,-111.5167,1718.8,UT,PRCP,1963,1989
USC00422233,DRAPER,40.5333,-111.8333,1412.1,UT,PRCP,1963,1968
USC00423867,HERRIMAN,40.5167,-112.0333,1524.9,UT,PRCP,1963,1965
USC00427343,RIVERTON,40.5167,-111.9833,1421,UT,PRCP,1965,1968
USC00428741,TIMPIE,40.75,-112.65,1293,UT,PRCP,1965,1966
USC00427565,SALINE,41.2167,-112.4833,1289.9,UT,PRCP,1966,1968
USC00427608,SALT LAKE CITY SUB SEW,40.7,-111.9167,1293,UT,PRCP,1966,1978
USC00421149,CALLISTER RCH,40.6833,-112.6667,1299.1,UT,PRCP,1967,1984
USC00421601,CLG WARD UTAH ST UNIV,41.6667,-111.9,1368.9,UT,PRCP,1968,1969
USC00427220,DUGWAY 7 N ORR RCH,40.3,-112.7167,1417.9,UT,PRCP,1968,1970
USC00420490,BEAR RIVER BAY,41.3,-112.2667,1283.2,UT,PRCP,1969,1996
USC00425194,LOGAN 5 SW EXP FARM,41.6661,-111.8914,1367.9,UT,PRCP,1969,2026
USC00426652,PARK CITY SUMMIT HOUSE,40.6333,-111.5333,2827,UT,PRCP,1969,1977
USC00422258,DUGWAY 7 N ORR RCH,40.3,-112.7333,1434.1,UT,PRCP,1970,1972
USC00424362,JOHNSON PASS,40.3375,-112.6114,1700.8,UT,PRCP,1972,2013
USC00420197,ANTELOPE ISLAND NORTH,41.0333,-112.2333,1341.1,UT,PRCP,1973,1983
USC00420700,BINGHAM CANYON 2 NE,40.5667,-112.1333,1713.9,UT,PRCP,1974,1985
USC00420819,BOUNTIFUL BENCH,40.8911,-111.8503,1508.8,UT,PRCP,1974,2026
USC00420928,BRIGHAM CITY WASTE PLT,41.5242,-112.0436,1292.4,UT,PRCP,1974,2026
USC00424135,HUNTSVILLE MONASTERY,41.2403,-111.7131,1566.7,UT,PRCP,1976,2013
USC00426455,OLMSTEAD PH,40.3161,-111.6539,1469.1,UT,PRCP,1977,2003
USC00427927,SNOWBIRD,40.5833,-111.6667,2471,UT,PRCP,1977,1979
USS0011H08S,Ben Lomond Peak,41.38,-111.94,2438.4,UT,PRCP,1978,2026
USS0011H37S,Bug Lake,41.68,-111.42,2423.2,UT,PRCP,1978,2026
USS0011H55S,Dry Bread Pond,41.41,-111.54,2545.1,UT,PRCP,1978,2026
USS0011J11S,Farmington,40.99,-111.82,2438.4,UT,PRCP,1978,2026
USS0011H21S,Horse Ridge,41.31,-111.45,2487.2,UT,PRCP,1978,2026
USS0011H25S,Little Bear,41.41,-111.83,1994.6,UT,PRCP,1978,2026
USS0011H57S,Monte Cristo,41.47,-111.5,2731,UT,PRCP,1978,2026
USC00426650,PARK CITY MEADOWS,40.6833,-111.5,2055.9,UT,PRCP,1978,1980
USS0011J52S,Parley's Summit,40.76,-111.63,2286,UT,PRCP,1978,2026
USS0011J21S,Timpanogos Divide,40.43,-111.62,2481.1,UT,PRCP,1978,2026
USS0011H30S,Ben Lomond Trail,41.38,-111.92,1776.7,UT,PRCP,1980,2026
USC00424140,HUNTSVILLE SNOW BSN,41.2167,-111.85,2000.1,UT,PRCP,1980,1981
USC00426651,PARK CITY NORANDA MINE,40.6333,-111.5,2393.3,UT,PRCP,1980,1982
USC00427052,PROMONTORY,41.2578,-112.4922,1284.7,UT,PRCP,1981,1994
USS0012J06S,Rocky Basin-Settleme,40.44,-112.24,2712.7,UT,PRCP,1981,2026
USC00427924,SNOW BASIN,41.2167,-111.85,1958,UT,PRCP,1981,1984
USC00422235,DRAPER-POINT OF MTN,40.4878,-111.8997,1373.4,UT,PRCP,1985,2008
USC00427421,ROWLEY PUMP STN,40.8,-112.6167,1283.2,UT,PRCP,1985,1986
USC00427606,SALT LAKE TRIAD CTR,40.7708,-111.8964,1304.5,UT,PRCP,1985,2020
USS0011J57S,Brighton,40.6,-111.58,2667,UT,PRCP,1986,2026
USC00424748,KNOLLS 10 NE,40.8133,-113.2,1292.4,UT,PRCP,1986,2004
USC00429419,WEST DESERT PUMP STN,41.25,-113.0833,1292.4,UT,PRCP,1987,1989
USS0011J64S,Lookout Peak,40.84,-111.71,2499.4,UT,PRCP,1988,2026
USS0011J65S,Mill-D North,40.66,-111.64,2733.1,UT,PRCP,1988,2026
USS0012J07S,Mining Fork,40.49,-112.61,2505.8,UT,PRCP,1988,2026
USS0011J56S,Thaynes Canyon,40.62,-111.53,2813.3,UT,PRCP,1988,2026
USS0011J42S,Snowbird,40.56,-111.66,2938.3,UT,PRCP,1989,2026
USC00428978,UTAH TEST RANGE,41.0497,-112.9367,1353.3,UT,PRCP,1989,2026
USC00427655,SALT LAKE CITY E BENCH,40.7364,-111.8172,1478.3,UT,PRCP,1990,2005
USC00426639,PARK CITY 4 NW,40.7,-111.5333,1969,UT,PRCP,1991,1992
USC00426644,PARK CITY,40.6558,-111.5053,2103.1,UT,PRCP,1992,2026
USS0011J37S,Hardscrabble,40.87,-111.72,2209.8,UT,PRCP,1993,2026
USC00427942,SNYDERVILLE,40.7039,-111.5367,1976.6,UT,PRCP,1993,2026
USS0012J09S,Dry Fork,40.57,-112.17,2161.9,UT,PRCP,1994,2026
USC00428465,SUNDANCE,40.3914,-111.5767,2017.8,UT,PRCP,1996,2008
USC00429468,WHEELER FARM,40.6372,-111.8622,1335,UT,PRCP,1996,2000
US1UTSL0018,COTTONWOOD HEIGHTS 1.5 SE,40.5933,-111.7922,1566.1,UT,PRCP,1998,2021
USW00094128,LOGAN CACHE AP,41.7864,-111.8519,1355.8,UT,PRCP,1998,2026
USS0011J69S,Louis Meadow,40.83,-111.76,2042.2,UT,PRCP,1999,2026
USS0011J68S,Parrish Creek,40.93,-111.81,2359.2,UT,PRCP,1999,2026
USS0011H58S,Temple Fork,41.79,-111.55,2257.3,UT,PRCP,2001,2026
US1UTDV0006,WOODS CROSS 0.5 SW,40.8676,-111.9181,1296,UT,PRCP,2001,2011
USS0011J12S,Farmington Lower,40.97,-111.81,2066.2,UT,PRCP,2003,2026
USS0011H59S,Lightning Ridge,41.36,-111.49,2503.9,UT,PRCP,2004,2026
USW00004138,BRIGHAM CITY 28 WNW,41.6164,-112.5436,1509.1,UT,PRCP,2007,2026
US1UTUT0013,AMERICAN FORK 1.4 NW,40.4009,-111.8087,1448.4,UT,PRCP,2008,2009
US1UTDV0007,BOUNTIFUL 0.8 SE,40.8693,-111.852,1559.7,UT,PRCP,2008,2026
US1UTDV0008,BOUNTIFUL 1.7 NE,40.9046,-111.8657,1362.8,UT,PRCP,2008,2011
US1UTBE0002,BRIGHAM CITY 1.2 N,41.5267,-112.005,1330.1,UT,PRCP,2008,2025
US1UTDV0009,CENTERVILLE 0.8 NE,40.9346,-111.8761,1324.7,UT,PRCP,2008,2020
US1UTSL0025,COTTONWOOD HEIGHTS 1.6 SE,40.5913,-111.7903,1594.1,UT,PRCP,2008,2026
US1UTSL0053,DRAPER 2.5 NNW,40.5309,-111.8857,1349.7,UT,PRCP,2008,2009
US1UTSL0020,EAST MILLCREEK 1.5 NNW,40.7088,-111.8338,1382.3,UT,PRCP,2008,2010
US1UTDV0001,FARMINGTON 1.8 W,40.9874,-111.9286,1292,UT,PRCP,2008,2026
US1UTSL0035,HOLLADAY 0.5 ESE,40.6657,-111.8115,1396,UT,PRCP,2008,2026
US1UTBE0005,HONEYVILLE 0.5 NNE,41.6404,-112.078,1319.2,UT,PRCP,2008,2009
US1UTDV0005,LAYTON 1.7 E,41.0774,-111.9221,1445.4,UT,PRCP,2008,2021
US1UTUT0005,LEHI 1.8 W,40.4074,-111.8882,1381,UT,PRCP,2008,2009
US1UTCH0011,LOGAN 0.5 ENE,41.7438,-111.8258,1390.5,UT,PRCP,2008,2013
US1UTCH0009,LOGAN 0.9 SE,41.7311,-111.8218,1386.8,UT,PRCP,2008,2009
US1UTCH0003,LOGAN 1.7 ESE,41.7305,-111.8046,1464.6,UT,PRCP,2008,2023
US1UTCH0001,LOGAN 2.5 ENE,41.7568,-111.7925,1470.7,UT,PRCP,2008,2010
US1UTSL0006,MOUNT OLYMPUS 0.5 SW,40.6803,-111.795,1535,UT,PRCP,2008,2016
US1UTCH0005,NIBLEY 1.7 SE,41.6535,-111.8224,1410.6,UT,PRCP,2008,2026
US1UTSM0001,PARK CITY 5.5 NNE,40.74,-111.49,1986.1,UT,PRCP,2008,2015
US1UTCH0008,PROVIDENCE 0.8 WNW,41.7111,-111.8257,1380.1,UT,PRCP,2008,2025
US1UTSL0041,SALT LAKE CITY 2.1 SE,40.7447,-111.8677,1311.6,UT,PRCP,2008,2018
US1UTSL0047,SALT LAKE CITY 3.3 E,40.7751,-111.8664,1392.3,UT,PRCP,2008,2025
US1UTSL0029,SALT LAKE CITY 8.3 ENE,40.7773,-111.7299,1725.8,UT,PRCP,2008,2008
US1UTSL0028,SANDY 1.0 ESE,40.5779,-111.8556,1416.4,UT,PRCP,2008,2009
US1UTSL0001,SANDY 1.2 SSW,40.5546,-111.8649,1394.5,UT,PRCP,2008,2013
US1UTSL0003,SANDY 1.6 NE,40.5993,-111.8548,1409.4,UT,PRCP,2008,2020
US1UTSL0027,SANDY 2.0 NE,40.6046,-111.8524,1413.4,UT,PRCP,2008,2026
US1UTSL0016,SANDY 2.7 SE,40.5457,-111.8518,1454.2,UT,PRCP,2008,2008
US1UTWB0005,SOUTH OGDEN 1.4 SSE,41.1549,-111.9485,1456.6,UT,PRCP,2008,2011
US1UTSL0011,SOUTH SALT LAKE 2.4 NE,40.7353,-111.8653,1316.7,UT,PRCP,2008,2012
US1UTTL0002,STANSBURY PARK 1.1 SSE,40.6239,-112.2948,1322.8,UT,PRCP,2008,2008
US1UTSL0015,TAYLORSVILLE 0.3 NNW,40.6736,-111.9324,1302.4,UT,PRCP,2008,2011
US1UTBE0003,THATCHER 0.2 NE,41.7025,-112.2974,1345.4,UT,PRCP,2008,2026
US1UTTL0003,TOOELE 1.6 SSW,40.5168,-112.3176,1544.4,UT,PRCP,2008,2010
US1UTTL0001,TOOELE 1.7 N,40.5607,-112.2951,1460.9,UT,PRCP,2008,2011
US1UTBE0004,TREMONTON 0.3 ENE,41.7167,-112.1715,1318.9,UT,PRCP,2008,2009
US1UTWB0001,WEST HAVEN 2.0 SW,41.1848,-112.0901,1292,UT,PRCP,2008,2026
US1UTSL0032,WEST JORDAN 0.7 SW,40.5932,-112.005,1439.3,UT,PRCP,2008,2026
US1UTSL0009,WEST JORDAN 1.6 NNW,40.619,-112.0111,1442.3,UT,PRCP,2008,2026
US1UTSL0008,WEST JORDAN 3.5 NE,40.6264,-111.9253,1322.5,UT,PRCP,2008,2015
US1UTWB0003,WEST WEBER 1.0 ESE,41.2435,-112.0637,1294.8,UT,PRCP,2008,2026
US1UTCH0015,BENSON 1.0 SSW,41.7874,-111.9276,1349.7,UT,PRCP,2009,2022
US1UTDV0018,BOUNTIFUL 1.3 S,40.8572,-111.867,1549.9,UT,PRCP,2009,2016
US1UTWB0007,EDEN 0.3 W,41.3002,-111.8253,1507.8,UT,PRCP,2009,2026
US1UTDV0020,FARMINGTON 1.5 NNW,41.0078,-111.9067,1352.1,UT,PRCP,2009,2012
US1UTWS0006,HEBER CITY 2.4 SSE,40.4733,-111.402,1758.1,UT,PRCP,2009,2026
US1UTCH0016,LOGAN 0.5 E,41.7408,-111.8253,1394.5,UT,PRCP,2009,2012
US1UTCH0022,LOGAN 0.7 SW,41.7324,-111.8452,1376.2,UT,PRCP,2009,2016
US1UTSL0070,MAGNA 1.2 W,40.707,-112.1083,1316.4,UT,PRCP,2009,2015
US1UTCH0006,MENDON 0.3 NE,41.7138,-111.9753,1517.3,UT,PRCP,2009,2010
US1UTSL0072,MIDVALE 1.7 NE,40.627,-111.8771,1342,UT,PRCP,2009,2012
US1UTCH0020,MILLVILLE 0.3 SE,41.6767,-111.8153,1418.5,UT,PRCP,2009,2010
US1UTMR0001,MORGAN 0.8 SE,41.033,-111.673,1552,UT,PRCP,2009,2015
US1UTCH0021,NORTH LOGAN 0.7 E,41.7718,-111.8008,1440.2,UT,PRCP,2009,2022
US1UTCH0019,NORTH LOGAN 0.8 ESE,41.769,-111.7995,1447.5,UT,PRCP,2009,2021
US1UTSM0005,OAKLEY 1.0 SW,40.7138,-111.3024,1960.2,UT,PRCP,2009,2010
US1UTSM0004,PARK CITY 1.3 E,40.6557,-111.469,2243.9,UT,PRCP,2009,2014
US1UTSM0003,PEOA 0.7 N,40.7294,-111.3291,1962,UT,PRCP,2009,2010
US1UTWB0011,ROY 0.5 NE,41.1772,-112.0384,1372.2,UT,PRCP,2009,2011
US1UTSL0078,SALT LAKE CITY 2.1 NE,40.7889,-111.8733,1550.8,UT,PRCP,2009,2026
US1UTSL0074,SALT LAKE CITY 3.6 SE,40.7336,-111.8332,1399,UT,PRCP,2009,2015
US1UTSL0055,SALT LAKE CITY 4.9 SE,40.7205,-111.8245,1404.5,UT,PRCP,2009,2014
US1UTSL0060,SANDY 2.0 ESE,40.5566,-111.8208,1478.9,UT,PRCP,2009,2021
US1UTSL0073,SANDY 2.1 WNW,40.5849,-111.8882,1363.4,UT,PRCP,2009,2026
US1UTWB0008,SOUTH OGDEN 1.2 ESE,41.1682,-111.9364,1487.4,UT,PRCP,2009,2017
US1UTTL0008,STOCKTON 0.6 NW,40.4582,-112.3703,1550.5,UT,PRCP,2009,2026
US1UTSL0076,TAYLORSVILLE 2.4 SW,40.6473,-111.9639,1366.1,UT,PRCP,2009,2024
US1UTBE0006,THATCHER 1.7 ESE,41.6947,-112.2675,1308.2,UT,PRCP,2009,2026
US1UTTL0007,TOOELE 1.3 ENE,40.546,-112.279,1519.7,UT,PRCP,2009,2010
US1UTTL0009,TOOELE 1.6 NNE,40.5567,-112.2873,1480.4,UT,PRCP,2009,2010
US1UTSL0061,WEST VALLEY CITY 2.5 ESE,40.6801,-111.9631,1315.8,UT,PRCP,2009,2018
US1UTSL0075,COTTONWOOD HEIGHTS 1.3 WSW,40.6032,-111.8337,1410.3,UT,PRCP,2010,2010
US1UTBE0008,GARLAND 1.0 SE,41.7267,-112.1482,1319.2,UT,PRCP,2010,2026
US1UTTL0010,GRANTSVILLE 2.0 SSE,40.5688,-112.4599,1368.6,UT,PRCP,2010,2010
US1UTTL0011,GRANTSVILLE 2.2 ESE,40.5893,-112.4276,1317,UT,PRCP,2010,2010
US1UTWB0012,HOOPER 0.1 S,41.1709,-112.1249,1290.5,UT,PRCP,2010,2010
USS0011H31S,Kilfoil Creek,41.25,-111.41,2200.7,UT,PRCP,2010,2026
US1UTUT0019,LEHI 2.0 NNE,40.4306,-111.8436,1463,UT,PRCP,2010,2026
USS0011H32S,Lost Creek Resv,41.22,-111.36,1853.8,UT,PRCP,2010,2026
US1UTSL0062,MAGNA 1.2 W,40.7034,-112.1087,1333.5,UT,PRCP,2010,2018
USW00053167,MIDWAY 3 NE,40.5467,-111.4136,1752,UT,PRCP,2010,2014
US1UTSM0006,PARK CITY 8.6 NNW,40.7654,-111.5706,1943.7,UT,PRCP,2010,2013
US1UTBE0009,PERRY 0.6 S,41.4565,-112.0336,1368.9,UT,PRCP,2010,2023
US1UTWB0015,ROY 1.7 NNE,41.1937,-112.0266,1358.5,UT,PRCP,2010,2015
US1UTSL0085,SALT LAKE CITY 0.7 NNW,40.7871,-111.9329,1286,UT,PRCP,2010,2011
US1UTSL0079,SALT LAKE CITY 1.8 SE,40.744,-111.864,1325,UT,PRCP,2010,2026
US1UTSL0083,SANDY 1.1 NNE,40.5857,-111.8491,1436.8,UT,PRCP,2010,2026
US1UTWB0009,SOUTH OGDEN 1.5 SSE,41.1555,-111.9429,1455.4,UT,PRCP,2010,2011
US1UTBE0011,BOTHWELL 0.9 ENE,41.725,-112.2534,1323.7,UT,PRCP,2011,2021
US1UTBE0010,BOTHWELL 2.6 WSW,41.7095,-112.3179,1460,UT,PRCP,2011,2021
US1UTSL0091,DRAPER 1.9 WNW,40.5099,-111.8975,1349.3,UT,PRCP,2011,2015
USC00422389,EDEN,41.3444,-111.8486,1597.2,UT,PRCP,2011,2026
USW00094097,GRANTSVILLE 12 WNW,40.6364,-112.6775,1395.4,UT,PRCP,2011,2014
US1UTSL0086,HOLLADAY 0.7 WNW,40.6735,-111.8318,1358.2,UT,PRCP,2011,2023
USC00424160,HYRUM,41.6394,-111.8653,1417.6,UT,PRCP,2011,2012
USC00424970,LAYTON,41.0972,-111.9972,1359.4,UT,PRCP,2011,2013
US1UTWB0018,NORTH OGDEN 1.2 S,41.2939,-111.958,1338.7,UT,PRCP,2011,2019
US1UTWB0017,OGDEN 2.0 NE,41.2511,-111.9417,1385.6,UT,PRCP,2011,2013
USC00426405,OGDEN NE BENCH,41.2458,-111.9372,1393.5,UT,PRCP,2011,2026
US1UTUT0022,PLEASANT GROVE 1.0 WNW,40.3783,-111.7488,1406.7,UT,PRCP,2011,2014
US1UTDV0017,SOUTH WEBER 0.3 ESE,41.1329,-111.9285,1377.1,UT,PRCP,2011,2015
USS0012J02S,Bevans Cabin,40.46,-112.25,1959.9,UT,PRCP,2012,2026
US1UTCH0024,PROVIDENCE 0.5 NW,41.7099,-111.8195,1394.5,UT,PRCP,2012,2014
US1UTSL0093,SALT LAKE CITY 3.8 E,40.7728,-111.8571,1403,UT,PRCP,2012,2026
US1UTSL0092,SALT LAKE CITY 4.5 SE,40.7223,-111.8171,1443.2,UT,PRCP,2012,2018
US1UTSL0096,TAYLORSVILLE-BENNION 2.0 WSW,40.6474,-111.9814,1400.3,UT,PRCP,2012,2026
US1UTUT0024,AMERICAN FORK 1.1 ESE,40.379,-111.7744,1409.1,UT,PRCP,2013,2026
US1UTDV0024,FRUIT HEIGHTS 1.3 N,41.0477,-111.9068,1463.6,UT,PRCP,2013,2026
US1UTCH0025,HYDE PARK 1.0 SSW,41.7844,-111.8205,1376.2,UT,PRCP,2013,2026
US1UTSM0007,PARK CITY 8.7 NW,40.7455,-111.6095,2083.3,UT,PRCP,2013,2013
US1UTSL0097,RIVERTON 1.0 WSW,40.5125,-111.9613,1382,UT,PRCP,2013,2019
US1UTUT0026,AMERICAN FORK 0.3 WNW,40.3863,-111.7988,1420.7,UT,PRCP,2014,2016
US1UTWB0020,HUNTSVILLE 7.3 ENE,41.3103,-111.6487,1826.1,UT,PRCP,2014,2015
US1UTSL0103,SANDY 1.7 WNW,40.5795,-111.8835,1372.8,UT,PRCP,2014,2015
US1UTDV0025,WEST BOUNTIFUL 1.0 NNE,40.915,-111.8981,1289.6,UT,PRCP,2014,2026
US1UTBE0014,BRIGHAM CITY 0.6 W,41.509,-112.0208,1346.6,UT,PRCP,2015,2026
US1UTSL0104,SALT LAKE CITY 8.3 WSW,40.6994,-112.0245,1300.9,UT,PRCP,2015,2026
US1UTBE0013,TREMONTON 2.9 WSW,41.6953,-112.228,1308.2,UT,PRCP,2015,2026
US1UTCH0033,PROVIDENCE 0.2 W,41.7048,-111.8174,1403.6,UT,PRCP,2017,2020
US1UTSL0109,SALT LAKE CITY 4.1 ESE,40.7619,-111.8545,1399.3,UT,PRCP,2017,2019
US1UTBE0016,BEAR RIVER CITY 2.3 WNW,41.624,-112.1657,1297.8,UT,PRCP,2018,2026
US1UTCH0038,HYRUM 1.5 E,41.6306,-111.8159,1473.4,UT,PRCP,2018,2019
US1UTCH0034,LOGAN 0.5 WSW,41.737,-111.8434,1378.6,UT,PRCP,2018,2019
US1UTCH0037,LOGAN 2.0 NNW,41.7662,-111.8518,1363.7,UT,PRCP,2018,2020
US1UTSL0115,MURRAY 0.1 N,40.654,-111.8928,1320.4,UT,PRCP,2018,2021
US1UTSL0112,MURRAY 0.7 WSW,40.6491,-111.9046,1309.4,UT,PRCP,2018,2019
US1UTSL0113,MURRAY 1.1 NW,40.6632,-111.907,1294.5,UT,PRCP,2018,2021
US1UTCH0041,PROVIDENCE 0.7 NW,41.7136,-111.8214,1385.9,UT,PRCP,2018,2026
US1UTBE0017,TREMONTON 1.8 WNW,41.7236,-112.2099,1344.5,UT,PRCP,2018,2020
US1UTSM0009,COALVILLE 0.3 WSW,40.9156,-111.3989,1703.5,UT,PRCP,2019,2023
US1UTSL0119,EAST MILLCREEK 0.7 NNW,40.6975,-111.8264,1399.9,UT,PRCP,2019,2026
US1UTSL0118,MAGNA 1.0 SW,40.6945,-112.1001,1355.8,UT,PRCP,2019,2026
US1UTSL0121,MILLCREEK 1.4 E,40.6881,-111.8479,1330.5,UT,PRCP,2019,2023
US1UTSL0117,MURRAY 1.8 SE,40.6349,-111.8666,1342,UT,PRCP,2019,2026
US1UTDV0036,BOUNTIFUL 0.6 SW,40.87,-111.8728,1403.9,UT,PRCP,2020,2024
US1UTDV0038,BOUNTIFUL 0.7 SSW,40.8678,-111.8714,1425.9,UT,PRCP,2020,2026
US1UTDV0039,BOUNTIFUL 2.0 SW,40.8543,-111.8899,1392,UT,PRCP,2020,2026
US1UTDV0037,CENTERVILLE 1.3 N,40.9454,-111.8851,1300,UT,PRCP,2020,2026
US1UTWB0022,EDEN 0.3 ENE,41.301,-111.8139,1510.6,UT,PRCP,2020,2026
US1UTWS0009,HEBER CITY 0.7 E,40.5049,-111.3978,1730.3,UT,PRCP,2020,2021
US1UTCH0046,HYRUM 0.8 SE,41.6242,-111.8347,1464.3,UT,PRCP,2020,2026
US1UTWB0023,LIBERTY 0.9 SW,41.3202,-111.882,1676.7,UT,PRCP,2020,2026
US1UTCH0043,LOGAN 2.6 N,41.7767,-111.8255,1376.2,UT,PRCP,2020,2026
US1UTCH0047,NIBLEY 1.0 WNW,41.6803,-111.8582,1378,UT,PRCP,2020,2022
US1UTSM0011,OAKLEY 0.9 SW,40.7142,-111.3013,1959.9,UT,PRCP,2020,2026
US1UTSM0012,PARK CITY 1.4 NNW,40.6753,-111.4999,2051.9,UT,PRCP,2020,2026
US1UTDV0040,SUNSET 0.4 SW,41.1341,-112.0327,1375.9,UT,PRCP,2020,2021
US1UTDV0041,CLEARFIELD 1.7 WSW,41.0971,-112.0531,1321.6,UT,PRCP,2021,2026
US1UTDV0042,CLINTON 0.9 WNW,41.148,-112.0779,1306.4,UT,PRCP,2021,2026
US1UTTL0018,GRANTSVILLE 1.1 NW,40.6082,-112.4821,1311.6,UT,PRCP,2021,2021
US1UTWS0010,HEBER CITY 0.4 SE,40.5033,-111.406,1720.9,UT,PRCP,2021,2026
US1UTBE0019,MANTUA 0.6 WNW,41.5048,-111.9436,1581,UT,PRCP,2021,2023
US1UTSL0127,SALT LAKE CITY 4.8 ESE,40.7422,-111.8513,1381.7,UT,PRCP,2021,2024
US1UTSL0128,SANDY 1.5 E,40.566,-111.8264,1506.6,UT,PRCP,2021,2024
US1UTWB0025,SOUTH OGDEN 1.3 N,41.1935,-111.9623,1371.3,UT,PRCP,2021,2026
US1UTSM0015,WANSHIP 1.0 NW,40.8106,-111.4131,1797.1,UT,PRCP,2021,2024
US1UTCH0052,WELLSVILLE 0.4 NW,41.6354,-111.9377,1393.5,UT,PRCP,2021,2023
US1UTDV0045,KAYSVILLE 1.2 N,41.0476,-111.9406,1339,UT,PRCP,2022,2026
US1UTDV0044,KAYSVILLE 1.5 SE,41.014,-111.9246,1333.2,UT,PRCP,2022,2022
US1UTUT0037,LEHI 2.0 WNW,40.4157,-111.8888,1383.8,UT,PRCP,2022,2026
US1UTWB0027,PLEASANT VIEW 1.2 S,41.3069,-111.9958,1315.8,UT,PRCP,2022,2025
US1UTDV0046,SYRACUSE 2.4 S,41.0616,-112.0556,1292.4,UT,PRCP,2022,2026
US1UTSL0129,WEST JORDAN 2.4 NW,40.6274,-112.0213,1458.2,UT,PRCP,2022,2024
US1UTWB0026,WEST WEBER 0.7 E,41.2515,-112.0671,1292.7,UT,PRCP,2022,2026
US1UTUT0045,AMERICAN FORK 1.3 NNW,40.4024,-111.8022,1452.1,UT,PRCP,2023,2026
US1UTBE0020,COLLINSTON 1.3 SW,41.7567,-112.0972,1344.8,UT,PRCP,2023,2026
US1UTSL0133,COTTONWOOD HEIGHTS 1.2 SSE,40.5936,-111.8021,1504.8,UT,PRCP,2023,2024
US1UTCH0057,LOGAN 0.9 NNE,41.7506,-111.8258,1394.2,UT,PRCP,2023,2026
US1UTSM0016,PARK CITY 8.7 NW,40.7472,-111.6085,2060.1,UT,PRCP,2023,2023
US1UTUT0039,PLEASANT GROVE 0.9 N,40.3833,-111.7339,1449.3,UT,PRCP,2023,2023
US1UTSL0135,SALT LAKE CITY 2.9 E,40.7795,-111.8752,1419.8,UT,PRCP,2023,2026
US1UTSL0134,SANDY 2.1 NNE,40.599,-111.8459,1430.4,UT,PRCP,2023,2025
US1UTDV0047,SOUTH WEBER 0.8 SE,41.1249,-111.9242,1401.2,UT,PRCP,2023,2026
US1UTWS0011,SUNDANCE 2.3 NE,40.3973,-111.5448,1676.7,UT,PRCP,2023,2025
US1UTSM0017,PARK CITY 1.0 SE,40.6466,-111.4799,2186,UT,PRCP,2024,2026
US1UTWB0030,RIVERDALE 1.0 N,41.1855,-112.0044,1334.1,UT,PRCP,2024,2025
US1UTSL0136,SALT LAKE CITY 1.7 E,40.7755,-111.8972,1307.6,UT,PRCP,2024,2026
US1UTSL0137,HOLLADAY 0.7 E,40.6701,-111.8066,1456.9,UT,PRCP,2025,2026
