ID,Latitude,Longitude,Elevation_m,State,Name
USC00420302,40.7,-111.9167,1296.0,UT,A S R RSCH LAB
USC00420061,40.4644,-111.7708,1554.5,UT,ALPINE
USC00420072,40.5906,-111.6369,2654.8,UT,ALTA
US1UTUT0026,40.3863,-111.7988,1420.7,UT,AMERICAN FORK 0.3 WNW
US1UTUT0024,40.379,-111.7744,1409.1,UT,AMERICAN FORK 1.1 ESE
US1UTUT0045,40.4024,-111.8022,1452.1,UT,AMERICAN FORK 1.3 NNW
US1UTUT0013,40.4009,-111.8087,1448.4,UT,AMERICAN FORK 1.4 NW
USC00420194,40.9333,-112.1667,1289.9,UT,ANTELOPE ISLAND
USC00420197,41.0333,-112.2333,1341.1,UT,ANTELOPE ISLAND NORTH
USR0000ARAG,40.5983,-113.0217,1533.1,UT,ARAGONITE UTAH
USC00420478,40.4667,-112.3667,1513.0,UT,BAUER
USC00420490,41.3,-112.2667,1283.2,UT,BEAR RIVER BAY
US1UTBE0016,41.624,-112.1657,1297.8,UT,BEAR RIVER CITY 2.3 WNW
USC00420506,41.4667,-112.2667,1284.1,UT,BEAR RIVER REFUGE
US1UTCH0015,41.7874,-111.9276,1349.7,UT,BENSON 1.0 SSW
USC00420699,40.5333,-112.15,1861.1,UT,BINGHAM CANYON
USC00420700,40.5667,-112.1333,1713.9,UT,BINGHAM CANYON 2 NE
USC00420737,41.6333,-111.6833,1569.4,UT,BLACKSMITH FORK
USC00420841,41.7167,-112.25,1321.0,UT,BOTHWELL
US1UTBE0011,41.725,-112.2534,1323.7,UT,BOTHWELL 0.9 ENE
US1UTBE0010,41.7095,-112.3179,1460.0,UT,BOTHWELL 2.6 WSW
US1UTDV0036,40.87,-111.8728,1403.9,UT,BOUNTIFUL 0.6 SW
US1UTDV0038,40.8678,-111.8714,1425.9,UT,BOUNTIFUL 0.7 SSW
US1UTDV0007,40.8693,-111.852,1559.7,UT,BOUNTIFUL 0.8 SE
US1UTDV0018,40.8572,-111.867,1549.9,UT,BOUNTIFUL 1.3 S
US1UTDV0008,40.9046,-111.8657,1362.8,UT,BOUNTIFUL 1.7 NE
US1UTDV0039,40.8543,-111.8899,1392.0,UT,BOUNTIFUL 2.0 SW
USC00420819,40.8911,-111.8503,1508.8,UT,BOUNTIFUL BENCH
USC00420820,40.8547,-111.8903,1383.8,UT,BOUNTIFUL-VAL VERDA
USC00420924,41.4833,-112.0333,1324.1,UT,BRIGHAM CITY
US1UTBE0014,41.509,-112.0208,1346.6,UT,BRIGHAM CITY 0.6 W
US1UTBE0002,41.5267,-112.005,1330.1,UT,BRIGHAM CITY 1.2 N
USW00004138,41.6164,-112.5436,1509.1,UT,BRIGHAM CITY 28 WNW
USC00420928,41.5242,-112.0436,1292.4,UT,BRIGHAM CITY WASTE PLT
USR0000BUES,41.15,-111.9167,1554.5,UT,BUES CANYON UTAH
USS0011H08S,41.38,-111.94,2438.4,UT,Ben Lomond Peak
USS0011H30S,41.38,-111.92,1776.7,UT,Ben Lomond Trail
USS0012J02S,40.46,-112.25,1959.9,UT,Bevans Cabin
USS0011J57S,40.6,-111.58,2667.0,UT,Brighton
USS0011H37S,41.68,-111.42,2423.2,UT,Bug Lake
USC00421149,40.6833,-112.6667,1299.1,UT,CALLISTER RCH
USC00421285,40.4,-112.0833,1676.4,UT,CEDAR FORT
USR0000CEDM,40.3008,-112.7764,1219.2,UT,CEDAR MOUNTAINS - STOCKTON 24W
US1UTDV0009,40.9346,-111.8761,1324.7,UT,CENTERVILLE 0.8 NE
US1UTDV0037,40.9454,-111.8851,1300.0,UT,CENTERVILLE 1.3 N
USC00421446,40.815,-111.8322,1627.6,UT,CITY CREEK WTP
US1UTDV0041,41.0971,-112.0531,1321.6,UT,CLEARFIELD 1.7 WSW
USC00421601,41.6667,-111.9,1368.9,UT,CLG WARD UTAH ST UNIV
US1UTDV0042,41.148,-112.0779,1306.4,UT,CLINTON 0.9 WNW
USW00024120,40.9139,-111.3983,1691.6,UT,COALVILLE
US1UTSM0009,40.9156,-111.3989,1703.5,UT,COALVILLE 0.3 WSW
US1UTBE0020,41.7567,-112.0972,1344.8,UT,COLLINSTON 1.3 SW
USC00421685,40.3333,-111.5167,1718.8,UT,CONRAD RCH
USC00421695,40.6667,-112.2,2806.0,UT,COON PEAK KSL TV
USC00421731,41.5481,-112.1106,1289.3,UT,CORINNE
US1UTSL0133,40.5936,-111.8021,1504.8,UT,COTTONWOOD HEIGHTS 1.2 SSE
US1UTSL0075,40.6032,-111.8337,1410.3,UT,COTTONWOOD HEIGHTS 1.3 WSW
US1UTSL0018,40.5933,-111.7922,1566.1,UT,COTTONWOOD HEIGHTS 1.5 SE
US1UTSL0025,40.5913,-111.7903,1594.1,UT,COTTONWOOD HEIGHTS 1.6 SE
USC00421750,40.65,-111.6333,2255.5,UT,COTTONWOOD NURSERY
USC00421759,40.6189,-111.7836,1519.7,UT,COTTONWOOD WEIR
USC00421850,41.6833,-111.5167,1598.7,UT,CROYDEN
USC00422057,40.4044,-111.5289,1606.3,UT,DEER CREEK DAM
USC00422073,40.7667,-112.8,1302.1,UT,DELLE
USC00422233,40.5333,-111.8333,1412.1,UT,DRAPER
US1UTSL0091,40.5099,-111.8975,1349.3,UT,DRAPER 1.9 WNW
US1UTSL0053,40.5309,-111.8857,1349.7,UT,DRAPER 2.5 NNW
USC00422235,40.4878,-111.8997,1373.4,UT,DRAPER-POINT OF MTN
USC00422258,40.3,-112.7333,1434.1,UT,DUGWAY 7 N ORR RCH
USC00427220,40.3,-112.7167,1417.9,UT,DUGWAY 7 N ORR RCH
USS0011H55S,41.41,-111.54,2545.1,UT,Dry Bread Pond
USS0012J09S,40.57,-112.17,2161.9,UT,Dry Fork
USC00422294,40.85,-111.5833,1780.9,UT,EAST CANYON
US1UTSL0119,40.6975,-111.8264,1399.9,UT,EAST MILLCREEK 0.7 NNW
US1UTSL0020,40.7088,-111.8338,1382.3,UT,EAST MILLCREEK 1.5 NNW
USC00422385,40.9656,-111.4336,1667.3,UT,ECHO DAM
USC00422389,41.3444,-111.8486,1597.2,UT,EDEN
US1UTWB0022,41.301,-111.8139,1510.6,UT,EDEN 0.3 ENE
US1UTWB0007,41.3002,-111.8253,1507.8,UT,EDEN 0.3 W
USR0000ENSI,40.8,-111.9167,1709.0,UT,ENSIGN - BOUNTIFUL 5NE
USW00024122,40.35,-112.05,1513.9,UT,FAIRFIELD CAA AP
USC00422721,40.9833,-111.9,1302.1,UT,FARMINGTON
US1UTDV0020,41.0078,-111.9067,1352.1,UT,FARMINGTON 1.5 NNW
US1UTDV0001,40.9874,-111.9286,1292.0,UT,FARMINGTON 1.8 W
USC00422726,41.0203,-111.9328,1335.0,UT,FARMINGTON 3 NW
US1UTDV0024,41.0477,-111.9068,1463.6,UT,FRUIT HEIGHTS 1.3 N
USS0011J11S,40.99,-111.82,2438.4,UT,Farmington
USS0011J12S,40.97,-111.81,2066.2,UT,Farmington Lower
USC00423097,40.7242,-112.1975,1310.0,UT,GARFIELD
USC00423122,41.7561,-112.1517,1322.8,UT,GARLAND 1 NE
US1UTBE0008,41.7267,-112.1482,1319.2,UT,GARLAND 1.0 SE
USC00423183,40.3,-111.7333,1388.1,UT,GENEVA STEEL 2
USC00423335,40.7,-111.9667,1298.4,UT,GRANGER
US1UTTL0018,40.6082,-112.4821,1311.6,UT,GRANTSVILLE 1.1 NW
USW00094097,40.6364,-112.6775,1395.4,UT,GRANTSVILLE 12 WNW
US1UTTL0010,40.5688,-112.4599,1368.6,UT,GRANTSVILLE 2.0 SSE
US1UTTL0011,40.5893,-112.4276,1317.0,UT,GRANTSVILLE 2.2 ESE
USC00423348,40.6019,-112.5075,1386.8,UT,GRANTSVILLE 2W
USC00423353,40.5167,-112.5167,1495.0,UT,GRANTSVILLE POWERHOUSE
USC00423671,41.6,-111.5667,1694.7,UT,HARDWARE RCH
USC00423809,40.4917,-111.4261,1703.8,UT,HEBER
US1UTWS0010,40.5033,-111.406,1720.9,UT,HEBER CITY 0.4 SE
US1UTWS0009,40.5049,-111.3978,1730.3,UT,HEBER CITY 0.7 E
US1UTWS0006,40.4733,-111.402,1758.1,UT,HEBER CITY 2.4 SSE
USC00423842,41.0167,-111.5,1615.4,UT,HENEFER
USC00423867,40.5167,-112.0333,1524.9,UT,HERRIMAN
USC00423929,40.8167,-111.8333,1610.0,UT,HIGH LINE CITY CREEK
US1UTSL0035,40.6657,-111.8115,1396.0,UT,HOLLADAY 0.5 ESE
US1UTSL0137,40.6701,-111.8066,1456.9,UT,HOLLADAY 0.7 E
US1UTSL0086,40.6735,-111.8318,1358.2,UT,HOLLADAY 0.7 WNW
US1UTBE0005,41.6404,-112.078,1319.2,UT,HONEYVILLE 0.5 NNE
USC00424050,41.1667,-112.1167,1352.1,UT,HOOPER
US1UTWB0012,41.1709,-112.1249,1290.5,UT,HOOPER 0.1 S
USC00424105,41.7667,-112.4667,1365.5,UT,HOWELL
USC00424123,41.2667,-111.7833,1554.5,UT,HUNTSVILLE
US1UTWB0020,41.3103,-111.6487,1826.1,UT,HUNTSVILLE 7.3 ENE
USC00424135,41.2403,-111.7131,1566.7,UT,HUNTSVILLE MONASTERY
USC00424140,41.2167,-111.85,2000.1,UT,HUNTSVILLE SNOW BSN
US1UTCH0025,41.7844,-111.8205,1376.2,UT,HYDE PARK 1.0 SSW
USC00424160,41.6394,-111.8653,1417.6,UT,HYRUM
US1UTCH0046,41.6242,-111.8347,1464.3,UT,HYRUM 0.8 SE
US1UTCH0038,41.6306,-111.8159,1473.4,UT,HYRUM 1.5 E
USS0011J37S,40.87,-111.72,2209.8,UT,Hardscrabble
USS0011H21S,41.31,-111.45,2487.2,UT,Horse Ridge
USC00424217,40.4,-112.7167,1341.1,UT,INDIAN FARM
USC00424225,40.55,-112.2333,1645.9,UT,INTERNATIONAL
USC00424233,40.5,-112.75,1327.1,UT,IOSEPA SOUTH RCH
USC00424362,40.3375,-112.6114,1700.8,UT,JOHNSON PASS
US1UTDV0045,41.0476,-111.9406,1339.0,UT,KAYSVILLE 1.2 N
US1UTDV0044,41.014,-111.9246,1333.2,UT,KAYSVILLE 1.5 SE
USC00424542,40.6667,-112.0,1360.0,UT,KEARNS
USC00424575,41.75,-113.1167,1287.8,UT,KELTON
USC00424746,40.7167,-113.2833,1293.0,UT,KNOLLS
USC00424748,40.8133,-113.2,1292.4,UT,KNOLLS 10 NE
USS0011H31S,41.25,-111.41,2200.7,UT,Kilfoil Creek
USC00424828,40.6833,-112.2667,1226.8,UT,LAKEPOINT
USC00424846,41.2333,-112.8667,1286.9,UT,LAKESIDE
USC00424970,41.0972,-111.9972,1359.4,UT,LAYTON
US1UTDV0005,41.0774,-111.9221,1445.4,UT,LAYTON 1.7 E
USC00425034,40.3833,-111.85,1386.8,UT,LEHI
US1UTUT0005,40.4074,-111.8882,1381.0,UT,LEHI 1.8 W
US1UTUT0019,40.4306,-111.8436,1463.0,UT,LEHI 2.0 NNE
US1UTUT0037,40.4157,-111.8888,1383.8,UT,LEHI 2.0 WNW
US1UTWB0023,41.3202,-111.882,1676.7,UT,LIBERTY 0.9 SW
US1UTCH0016,41.7408,-111.8253,1394.5,UT,LOGAN 0.5 E
US1UTCH0011,41.7438,-111.8258,1390.5,UT,LOGAN 0.5 ENE
US1UTCH0034,41.737,-111.8434,1378.6,UT,LOGAN 0.5 WSW
US1UTCH0022,41.7324,-111.8452,1376.2,UT,LOGAN 0.7 SW
US1UTCH0057,41.7506,-111.8258,1394.2,UT,LOGAN 0.9 NNE
US1UTCH0009,41.7311,-111.8218,1386.8,UT,LOGAN 0.9 SE
US1UTCH0003,41.7305,-111.8046,1464.6,UT,LOGAN 1.7 ESE
US1UTCH0037,41.7662,-111.8518,1363.7,UT,LOGAN 2.0 NNW
US1UTCH0001,41.7568,-111.7925,1470.7,UT,LOGAN 2.5 ENE
US1UTCH0043,41.7767,-111.8255,1376.2,UT,LOGAN 2.6 N
USC00425194,41.6661,-111.8914,1367.9,UT,LOGAN 5 SW EXP FARM
USW00094128,41.7864,-111.8519,1355.8,UT,LOGAN CACHE AP
USC00425182,41.735,-111.8564,1364.0,UT,LOGAN RADIO KVNU
USC00425183,41.7,-111.8667,1366.1,UT,LOGAN SUGAR FACTORY
USC00425190,41.7667,-111.8167,1406.0,UT,LOGAN USU EXP STN
USC00425186,41.7456,-111.8033,1460.0,UT,LOGAN UTAH ST UNIV
USC00425215,40.7833,-113.1167,1402.7,UT,LOW
USC00425219,40.4333,-111.75,1537.1,UT,LOWER AMERI FORK PWHS
USC00425229,40.7,-111.7833,1513.0,UT,LOWER MILL CREEK
USS0011H59S,41.36,-111.49,2503.9,UT,Lightning Ridge
USS0011H25S,41.41,-111.83,1994.6,UT,Little Bear
USS0011J64S,40.84,-111.71,2499.4,UT,Lookout Peak
USS0011H32S,41.22,-111.36,1853.8,UT,Lost Creek Resv
USS0011J69S,40.83,-111.76,2042.2,UT,Louis Meadow
US1UTSL0118,40.6945,-112.1001,1355.8,UT,MAGNA 1.0 SW
US1UTSL0070,40.707,-112.1083,1316.4,UT,MAGNA 1.2 W
US1UTSL0062,40.7034,-112.1087,1333.5,UT,MAGNA 1.2 W
USC00425330,40.7,-112.1,1314.9,UT,MAGNA ASARCO FARM
US1UTBE0019,41.5048,-111.9436,1581.0,UT,MANTUA 0.6 WNW
USC00425488,40.35,-112.3,2743.2,UT,MARYSVALE CRYSTAL MINE
US1UTCH0006,41.7138,-111.9753,1517.3,UT,MENDON 0.3 NE
USC00425607,41.2167,-112.6333,1286.9,UT,MIDLAKE
USC00425610,40.6,-111.9167,1324.1,UT,MIDVALE
US1UTSL0072,40.627,-111.8771,1342.0,UT,MIDVALE 1.7 NE
USW00053167,40.5467,-111.4136,1752.0,UT,MIDWAY 3 NE
US1UTSL0121,40.6881,-111.8479,1330.5,UT,MILLCREEK 1.4 E
USC00425705,41.6833,-111.85,1402.1,UT,MILLVILLE
US1UTCH0020,41.6767,-111.8153,1418.5,UT,MILLVILLE 0.3 SE
USC00425826,41.0367,-111.6711,1546.9,UT,MORGAN
US1UTMR0001,41.033,-111.673,1552.0,UT,MORGAN 0.8 SE
US1UTSL0006,40.6803,-111.795,1535.0,UT,MOUNT OLYMPUS 0.5 SW
USC00425892,40.7486,-111.7233,1652.0,UT,MTN DELL DAM
USC00425958,40.6,-111.4,1820.9,UT,MURDOCK POWERHOUSE
USC00425963,40.65,-111.9,1313.7,UT,MURRAY
US1UTSL0115,40.654,-111.8928,1320.4,UT,MURRAY 0.1 N
US1UTSL0112,40.6491,-111.9046,1309.4,UT,MURRAY 0.7 WSW
US1UTSL0113,40.6632,-111.907,1294.5,UT,MURRAY 1.1 NW
US1UTSL0117,40.6349,-111.8666,1342.0,UT,MURRAY 1.8 SE
USR0000MUSK,40.6344,-112.6836,1341.1,UT,MUSKRAT SPRINGS - DELLE 10SSE
USS0011J65S,40.66,-111.64,2733.1,UT,Mill-D North
USS0012J07S,40.49,-112.61,2505.8,UT,Mining Fork
USS0011H57S,41.47,-111.5,2731.0,UT,Monte Cristo
US1UTCH0047,41.6803,-111.8582,1378.0,UT,NIBLEY 1.0 WNW
US1UTCH0005,41.6535,-111.8224,1410.6,UT,NIBLEY 1.7 SE
US1UTCH0021,41.7718,-111.8008,1440.2,UT,NORTH LOGAN 0.7 E
US1UTCH0019,41.769,-111.7995,1447.5,UT,NORTH LOGAN 0.8 ESE
US1UTWB0018,41.2939,-111.958,1338.7,UT,NORTH OGDEN 1.2 S
US1UTSM0011,40.7142,-111.3013,1959.9,UT,OAKLEY 0.9 SW
US1UTSM0005,40.7138,-111.3024,1960.2,UT,OAKLEY 1.0 SW
USC00426400,41.2,-111.95,1360.0,UT,OGDEN 2
US1UTWB0017,41.2511,-111.9417,1385.6,UT,OGDEN 2.0 NE
USW00024101,41.1167,-111.9667,1459.1,UT,OGDEN HILL AFB
USW00024126,41.1942,-112.0169,1356.1,UT,OGDEN HINKLEY AP
USC00426405,41.2458,-111.9372,1393.5,UT,OGDEN NE BENCH
USC00426404,41.2439,-111.9467,1325.9,UT,OGDEN PIONEER PH
USC00426414,41.2319,-112.0283,1304.5,UT,OGDEN SUGAR FACTORY
USC00426455,40.3161,-111.6539,1469.1,UT,OLMSTEAD PH
USC00426551,40.3,-112.75,1360.0,UT,ORRS RCH
USC00426644,40.6558,-111.5053,2103.1,UT,PARK CITY
US1UTSM0017,40.6466,-111.4799,2186.0,UT,PARK CITY 1.0 SE
US1UTSM0004,40.6557,-111.469,2243.9,UT,PARK CITY 1.3 E
US1UTSM0012,40.6753,-111.4999,2051.9,UT,PARK CITY 1.4 NNW
USC00426639,40.7,-111.5333,1969.0,UT,PARK CITY 4 NW
US1UTSM0001,40.74,-111.49,1986.1,UT,PARK CITY 5.5 NNE
US1UTSM0006,40.7654,-111.5706,1943.7,UT,PARK CITY 8.6 NNW
US1UTSM0007,40.7455,-111.6095,2083.3,UT,PARK CITY 8.7 NW
US1UTSM0016,40.7472,-111.6085,2060.1,UT,PARK CITY 8.7 NW
USC00426648,40.66,-111.5156,2100.1,UT,PARK CITY G.C.
USC00426650,40.6833,-111.5,2055.9,UT,PARK CITY MEADOWS
USC00426651,40.6333,-111.5,2393.3,UT,PARK CITY NORANDA MINE
USC00426652,40.6333,-111.5333,2827.0,UT,PARK CITY SUMMIT HOUSE
USC00426658,41.8,-113.35,1658.1,UT,PARK VALLEY
US1UTSM0003,40.7294,-111.3291,1962.0,UT,PEOA 0.7 N
US1UTBE0009,41.4565,-112.0336,1368.9,UT,PERRY 0.6 S
USC00426845,40.8167,-111.7333,2067.2,UT,PINECREST INN
USC00426869,41.2578,-111.8378,1505.7,UT,PINEVIEW DAM
USC00426919,40.3678,-111.7344,1429.5,UT,PLEASANT GROVE
US1UTUT0039,40.3833,-111.7339,1449.3,UT,PLEASANT GROVE 0.9 N
US1UTUT0022,40.3783,-111.7488,1406.7,UT,PLEASANT GROVE 1.0 WNW
USR0000PLGV,40.4311,-111.75,1585.0,UT,PLEASANT GROVE UTAH
US1UTWB0027,41.3069,-111.9958,1315.8,UT,PLEASANT VIEW 1.2 S
USC00427052,41.2578,-112.4922,1284.7,UT,PROMONTORY
USC00427050,41.6167,-112.5667,1495.7,UT,PROMONTORY (1)
US1UTCH0033,41.7048,-111.8174,1403.6,UT,PROVIDENCE 0.2 W
US1UTCH0024,41.7099,-111.8195,1394.5,UT,PROVIDENCE 0.5 NW
US1UTCH0041,41.7136,-111.8214,1385.9,UT,PROVIDENCE 0.7 NW
US1UTCH0008,41.7111,-111.8257,1380.1,UT,PROVIDENCE 0.8 WNW
USS0011J52S,40.76,-111.63,2286.0,UT,Parley's Summit
USS0011J68S,40.93,-111.81,2359.2,UT,Parrish Creek
USC00427185,40.7667,-111.8333,1498.1,UT,RED BUTTE 1
USR0000REDD,41.5311,-113.4211,1438.7,UT,RED DOME - ROSETTE 22S
USC00427255,40.5833,-112.0833,1544.1,UT,REVERE
USC00427318,41.15,-112.0,1341.1,UT,RIVERDALE
US1UTWB0030,41.1855,-112.0044,1334.1,UT,RIVERDALE 1.0 N
USC00427343,40.5167,-111.9833,1421.0,UT,RIVERTON
US1UTSL0097,40.5125,-111.9613,1382.0,UT,RIVERTON 1.0 WSW
USC00427421,40.8,-112.6167,1283.2,UT,ROWLEY PUMP STN
US1UTWB0011,41.1772,-112.0384,1372.2,UT,ROY 0.5 NE
US1UTWB0015,41.1937,-112.0266,1358.5,UT,ROY 1.7 NNE
USC00427438,41.55,-112.6667,1398.1,UT,ROZELL
USS0012J06S,40.44,-112.24,2712.7,UT,Rocky Basin-Settleme
USC00428070,40.45,-111.6667,1866.9,UT,S FK RS
USC00427565,41.2167,-112.4833,1289.9,UT,SALINE
USW00024175,40.7667,-111.8833,1311.9,UT,SALT LAKE CITY
US1UTSL0085,40.7871,-111.9329,1286.0,UT,SALT LAKE CITY 0.7 NNW
US1UTSL0136,40.7755,-111.8972,1307.6,UT,SALT LAKE CITY 1.7 E
US1UTSL0079,40.744,-111.864,1325.0,UT,SALT LAKE CITY 1.8 SE
US1UTSL0078,40.7889,-111.8733,1550.8,UT,SALT LAKE CITY 2.1 NE
US1UTSL0041,40.7447,-111.8677,1311.6,UT,SALT LAKE CITY 2.1 SE
US1UTSL0135,40.7795,-111.8752,1419.8,UT,SALT LAKE CITY 2.9 E
US1UTSL0047,40.7751,-111.8664,1392.3,UT,SALT LAKE CITY 3.3 E
US1UTSL0074,40.7336,-111.8332,1399.0,UT,SALT LAKE CITY 3.6 SE
US1UTSL0093,40.7728,-111.8571,1403.0,UT,SALT LAKE CITY 3.8 E
US1UTSL0109,40.7619,-111.8545,1399.3,UT,SALT LAKE CITY 4.1 ESE
US1UTSL0092,40.7223,-111.8171,1443.2,UT,SALT LAKE CITY 4.5 SE
US1UTSL0127,40.7422,-111.8513,1381.7,UT,SALT LAKE CITY 4.8 ESE
US1UTSL0055,40.7205,-111.8245,1404.5,UT,SALT LAKE CITY 4.9 SE
US1UTSL0029,40.7773,-111.7299,1725.8,UT,SALT LAKE CITY 8.3 ENE
US1UTSL0104,40.6994,-112.0245,1300.9,UT,SALT LAKE CITY 8.3 WSW
USC00427655,40.7364,-111.8172,1478.3,UT,SALT LAKE CITY E BENCH
USW00024127,40.7706,-111.965,1288.4,UT,SALT LAKE CITY INTL AP
USC00427608,40.7,-111.9167,1293.0,UT,SALT LAKE CITY SUB SEW
USC00427606,40.7708,-111.8964,1304.5,UT,SALT LAKE TRIAD CTR
USC00427576,40.7833,-112.1667,1284.1,UT,SALTAIR
USC00427578,40.7667,-112.1167,1283.2,UT,SALTAIR SALT PLT
US1UTSL0028,40.5779,-111.8556,1416.4,UT,SANDY 1.0 ESE
US1UTSL0083,40.5857,-111.8491,1436.8,UT,SANDY 1.1 NNE
US1UTSL0001,40.5546,-111.8649,1394.5,UT,SANDY 1.2 SSW
US1UTSL0128,40.566,-111.8264,1506.6,UT,SANDY 1.5 E
US1UTSL0003,40.5993,-111.8548,1409.4,UT,SANDY 1.6 NE
US1UTSL0103,40.5795,-111.8835,1372.8,UT,SANDY 1.7 WNW
US1UTSL0060,40.5566,-111.8208,1478.9,UT,SANDY 2.0 ESE
US1UTSL0027,40.6046,-111.8524,1413.4,UT,SANDY 2.0 NE
US1UTSL0134,40.599,-111.8459,1430.4,UT,SANDY 2.1 NNE
US1UTSL0073,40.5849,-111.8882,1363.4,UT,SANDY 2.1 WNW
US1UTSL0016,40.5457,-111.8518,1454.2,UT,SANDY 2.7 SE
USC00427735,40.4,-112.75,1341.1,UT,SELLS
USC00427744,40.3333,-112.7333,1342.0,UT,SEVERE RCH
USC00427846,40.6011,-111.5839,2664.0,UT,SILVER LAKE BRIGHTON
USR0000SKUN,40.875,-112.875,1386.8,UT,SKUNK RIDGE - DELLE 8NW
USC00427909,40.5453,-111.5042,1831.8,UT,SNAKE CREEK POWERHOUSE
USC00427924,41.2167,-111.85,1958.0,UT,SNOW BASIN
USC00427927,40.5833,-111.6667,2471.0,UT,SNOWBIRD
USC00427942,40.7039,-111.5367,1976.6,UT,SNYDERVILLE
US1UTWB0008,41.1682,-111.9364,1487.4,UT,SOUTH OGDEN 1.2 ESE
US1UTWB0025,41.1935,-111.9623,1371.3,UT,SOUTH OGDEN 1.3 N
US1UTWB0005,41.1549,-111.9485,1456.6,UT,SOUTH OGDEN 1.4 SSE
US1UTWB0009,41.1555,-111.9429,1455.4,UT,SOUTH OGDEN 1.5 SSE
US1UTSL0011,40.7353,-111.8653,1316.7,UT,SOUTH SALT LAKE 2.4 NE
US1UTDV0017,41.1329,-111.9285,1377.1,UT,SOUTH WEBER 0.3 ESE
US1UTDV0047,41.1249,-111.9242,1401.2,UT,SOUTH WEBER 0.8 SE
USC00427525,40.3667,-112.4167,1528.9,UT,ST. JOHN
US1UTTL0002,40.6239,-112.2948,1322.8,UT,STANSBURY PARK 1.1 SSE
US1UTTL0008,40.4582,-112.3703,1550.5,UT,STOCKTON 0.6 NW
USC00428465,40.3914,-111.5767,2017.8,UT,SUNDANCE
US1UTWS0011,40.3973,-111.5448,1676.7,UT,SUNDANCE 2.3 NE
US1UTDV0040,41.1341,-112.0327,1375.9,UT,SUNSET 0.4 SW
US1UTDV0046,41.0616,-112.0556,1292.4,UT,SYRACUSE 2.4 S
USS0011J42S,40.56,-111.66,2938.3,UT,Snowbird
US1UTSL0015,40.6736,-111.9324,1302.4,UT,TAYLORSVILLE 0.3 NNW
US1UTSL0076,40.6473,-111.9639,1366.1,UT,TAYLORSVILLE 2.4 SW
US1UTSL0096,40.6474,-111.9814,1400.3,UT,TAYLORSVILLE-BENNION 2.0 WSW
USC00428631,40.75,-112.0,1289.9,UT,TERMINAL
US1UTBE0003,41.7025,-112.2974,1345.4,UT,THATCHER 0.2 NE
US1UTBE0006,41.6947,-112.2675,1308.2,UT,THATCHER 1.7 ESE
USC00428668,41.7197,-112.4264,1402.1,UT,THIOKOL PROPULSION F S
USC00428733,40.4422,-111.7133,1679.4,UT,TIMPANOGOS CAVE
USC00428741,40.75,-112.65,1293.0,UT,TIMPIE
USC00428771,40.5353,-112.3217,1506.9,UT,TOOELE
US1UTTL0007,40.546,-112.279,1519.7,UT,TOOELE 1.3 ENE
US1UTTL0009,40.5567,-112.2873,1480.4,UT,TOOELE 1.6 NNE
US1UTTL0003,40.5168,-112.3176,1544.4,UT,TOOELE 1.6 SSW
US1UTTL0001,40.5607,-112.2951,1460.9,UT,TOOELE 1.7 N
USC00428817,41.7108,-112.1636,1313.7,UT,TREMONTON
US1UTBE0004,41.7167,-112.1715,1318.9,UT,TREMONTON 0.3 ENE
US1UTBE0017,41.7236,-112.2099,1344.5,UT,TREMONTON 1.8 WNW
US1UTBE0013,41.6953,-112.228,1308.2,UT,TREMONTON 2.9 WSW
USS0011H58S,41.79,-111.55,2257.3,UT,Temple Fork
USS0011J56S,40.62,-111.53,2813.3,UT,Thaynes Canyon
USS0011J21S,40.43,-111.62,2481.1,UT,Timpanogos Divide
USC00428885,41.15,-111.9167,1473.1,UT,UINTAH
USC00428922,40.7667,-111.8333,1463.0,UT,UNIV OF UTAH
USC00428939,40.4378,-111.7236,1624.6,UT,UPPER AMERICAN FORK PH
USC00428973,40.3603,-111.8972,1373.1,UT,UTAH LAKE LEHI
USC00428978,41.0497,-112.9367,1353.3,UT,UTAH TEST RANGE
US1UTSM0015,40.8106,-111.4131,1797.1,UT,WANSHIP 1.0 NW
USC00429165,40.7908,-111.4078,1810.5,UT,WANSHIP DAM
USC00429302,40.75,-111.7167,1692.9,UT,WASHINGTON GROVE
USC00429346,41.1092,-111.9125,1493.5,UT,WEBER BASIN PUMP PLT 3
US1UTCH0052,41.6354,-111.9377,1393.5,UT,WELLSVILLE 0.4 NW
US1UTDV0025,40.915,-111.8981,1289.6,UT,WEST BOUNTIFUL 1.0 NNE
USC00429419,41.25,-113.0833,1292.4,UT,WEST DESERT PUMP STN
US1UTWB0001,41.1848,-112.0901,1292.0,UT,WEST HAVEN 2.0 SW
US1UTSL0032,40.5932,-112.005,1439.3,UT,WEST JORDAN 0.7 SW
US1UTSL0009,40.619,-112.0111,1442.3,UT,WEST JORDAN 1.6 NNW
US1UTSL0129,40.6274,-112.0213,1458.2,UT,WEST JORDAN 2.4 NW
US1UTSL0008,40.6264,-111.9253,1322.5,UT,WEST JORDAN 3.5 NE
US1UTSL0061,40.6801,-111.9631,1315.8,UT,WEST VALLEY CITY 2.5 ESE
US1UTWB0026,41.2515,-112.0671,1292.7,UT,WEST WEBER 0.7 E
US1UTWB0003,41.2435,-112.0637,1294.8,UT,WEST WEBER 1.0 ESE
USC00429468,40.6372,-111.8622,1335.0,UT,WHEELER FARM
USC00429560,40.3333,-112.7167,1412.1,UT,WILLIAMS RCH
US1UTDV0006,40.8676,-111.9181,1296.0,UT,WOODS CROSS 0.5 SW
